{"gesture": "turning", "probabilities": {"has_motion": 1.0, "gestures": {"nodding": 1.7386884110237588e-06, "turning": 0.9999982118606567}}}