{"gesture": "turning", "probabilities": {"has_motion": 1.0, "gestures": {"nodding": 0.007580978330224752, "turning": 0.9924190044403076}}}